{
    "p2kwiet180672937055_btnAsync_onClick_seq0": {
        "id": "p2kwiet180672937055_btnAsync_onClick_seq0",
        "type": "ACTION_SEQUENCE",
        "params": [{
            "name": "eventobject",
            "value": "eventobject"
        }],
        "language": "js",
        "actions": [{
            "id": "customcode_onClick_1096818067293709013",
            "type": "INVOKE_FUNCTION",
            "sequenceKUID": "asyncServiceCallPostParams",
            "display": "asyncServiceCallPostParams"
        }]
    }
}