{
    "p2kwiet180672937032_btnAsync_onClick_seq0": {
        "id": "p2kwiet180672937032_btnAsync_onClick_seq0",
        "type": "ACTION_SEQUENCE",
        "params": [{
            "name": "eventobject",
            "value": "eventobject"
        }],
        "language": "js",
        "actions": [{
            "id": "customcode_onClick_5981318067293704660",
            "type": "INVOKE_FUNCTION",
            "sequenceKUID": "asyncServiceCall",
            "display": "asyncServiceCall",
            "inputparams": [{
                "name": "invokeTwice",
                "value": "\"false\""
            }]
        }]
    }
}