{
    "p2kwiet180672937055_frmHttpPostParams_preshow_seq0": {
        "id": "p2kwiet180672937055_frmHttpPostParams_preshow_seq0",
        "type": "ACTION_SEQUENCE",
        "params": [{
            "name": "eventobject",
            "value": "eventobject"
        }, {
            "name": "neworientation",
            "value": "neworientation"
        }],
        "language": "js",
        "actions": [{
            "id": "customcode_preshow_2330918067293704311",
            "type": "INVOKE_FUNCTION",
            "sequenceKUID": "frmHttpPostParamsPreShow",
            "display": "frmHttpPostParamsPreShow"
        }]
    }
}