{
    "p2kwiet180672937088_btnValT_onClick_seq0": {
        "id": "p2kwiet180672937088_btnValT_onClick_seq0",
        "type": "ACTION_SEQUENCE",
        "params": [{
            "name": "eventobject",
            "value": "eventobject"
        }],
        "language": "js",
        "actions": [{
            "id": "customcode_onClick_9690418067293706753",
            "type": "INVOKE_FUNCTION",
            "sequenceKUID": "setvalidateRespTrue",
            "display": "setvalidateRespTrue"
        }]
    }
}