{
    "p2kwiet180672937055_btnSync_onClick_seq0": {
        "id": "p2kwiet180672937055_btnSync_onClick_seq0",
        "type": "ACTION_SEQUENCE",
        "params": [{
            "name": "eventobject",
            "value": "eventobject"
        }],
        "language": "js",
        "actions": [{
            "id": "customcode_onClick_8148518067293705832",
            "type": "INVOKE_FUNCTION",
            "sequenceKUID": "syncServiceCallPostParams",
            "display": "syncServiceCallPostParams"
        }]
    }
}