{
    "p2kwiet180672937032_btnGetSettings_onClick_seq0": {
        "id": "p2kwiet180672937032_btnGetSettings_onClick_seq0",
        "type": "ACTION_SEQUENCE",
        "params": [{
            "name": "eventobject",
            "value": "eventobject"
        }],
        "language": "js",
        "actions": [{
            "id": "customcode_onClick_9418618067293705952",
            "type": "INVOKE_FUNCTION",
            "sequenceKUID": "getCurrentIntegritySettings",
            "display": "getCurrentIntegritySettings"
        }]
    }
}