{
    "p2kwiet180672937088_btn4_onClick_seq0": {
        "id": "p2kwiet180672937088_btn4_onClick_seq0",
        "type": "ACTION_SEQUENCE",
        "params": [{
            "name": "eventobject",
            "value": "eventobject"
        }],
        "language": "js",
        "actions": [{
            "id": "customcode_onClick_7742118067293704902",
            "type": "INVOKE_FUNCTION",
            "sequenceKUID": "displayDomainsList",
            "display": "displayDomainsList"
        }]
    }
}