{
    "p2kwiet180672937088_frmInteg_preshow_seq0": {
        "id": "p2kwiet180672937088_frmInteg_preshow_seq0",
        "type": "ACTION_SEQUENCE",
        "params": [{
            "name": "eventobject",
            "value": "eventobject"
        }, {
            "name": "neworientation",
            "value": "neworientation"
        }],
        "language": "js",
        "actions": [{
            "id": "customcode_preshow_6469618067293702293",
            "type": "INVOKE_FUNCTION",
            "sequenceKUID": "preshowCB",
            "display": "preshowCB"
        }]
    }
}