{
    "p2kwiet180672937055_btnReset_onClick_seq0": {
        "id": "p2kwiet180672937055_btnReset_onClick_seq0",
        "type": "ACTION_SEQUENCE",
        "params": [{
            "name": "eventobject",
            "value": "eventobject"
        }],
        "language": "js",
        "actions": [{
            "id": "customcode_onClick_2070318067293705537",
            "type": "INVOKE_FUNCTION",
            "sequenceKUID": "setfrmHttpPostParamsContentType",
            "display": "setfrmHttpPostParamsContentType",
            "inputparams": [{
                "name": "type",
                "value": "null"
            }]
        }]
    }
}