{
    "p2kwiet180672937032_btnClearKeys_onClick_seq0": {
        "id": "p2kwiet180672937032_btnClearKeys_onClick_seq0",
        "type": "ACTION_SEQUENCE",
        "params": [{
            "name": "eventobject",
            "value": "eventobject"
        }],
        "language": "js",
        "actions": [{
            "id": "customcode_onClick_8390518067293707388",
            "type": "INVOKE_FUNCTION",
            "sequenceKUID": "clearAllKeyVals",
            "display": "clearAllKeyVals"
        }]
    }
}