{
    "p2kwiet180672937032_btnSync_onClick_seq0": {
        "id": "p2kwiet180672937032_btnSync_onClick_seq0",
        "type": "ACTION_SEQUENCE",
        "params": [{
            "name": "eventobject",
            "value": "eventobject"
        }],
        "language": "js",
        "actions": [{
            "id": "customcode_onClick_2824918067293701032",
            "type": "INVOKE_FUNCTION",
            "sequenceKUID": "syncServiceCall",
            "display": "syncServiceCall"
        }]
    }
}