{
    "p2kwiet180672937088_btnSet_onClick_seq0": {
        "id": "p2kwiet180672937088_btnSet_onClick_seq0",
        "type": "ACTION_SEQUENCE",
        "params": [{
            "name": "eventobject",
            "value": "eventobject"
        }],
        "language": "js",
        "actions": [{
            "id": "customcode_onClick_4780018067293705811",
            "type": "INVOKE_FUNCTION",
            "sequenceKUID": "setIntegrityCheck",
            "display": "setIntegrityCheck"
        }]
    }
}