{
    "p2kwiet180672937032_button186678331555734_onClick_seq0": {
        "id": "p2kwiet180672937032_button186678331555734_onClick_seq0",
        "type": "ACTION_SEQUENCE",
        "params": [{
            "name": "eventobject",
            "value": "eventobject"
        }],
        "language": "js",
        "actions": [{
            "id": "customcode_onClick_4084918067293709413",
            "type": "INVOKE_FUNCTION",
            "sequenceKUID": "setHTTPMethodGet",
            "display": "setHTTPMethodGet"
        }]
    }
}