{
    "p2kwiet180672937032_btnHttpAsync2_onClick_seq0": {
        "id": "p2kwiet180672937032_btnHttpAsync2_onClick_seq0",
        "type": "ACTION_SEQUENCE",
        "params": [{
            "name": "eventobject",
            "value": "eventobject"
        }],
        "language": "js",
        "actions": [{
            "id": "customcode_onClick_563781806729370285",
            "type": "INVOKE_FUNCTION",
            "sequenceKUID": "httpRequestSend",
            "display": "httpRequestSend",
            "inputparams": [{
                "name": "isAsync",
                "value": "\"true\""
            }, {
                "name": "invokeTwice",
                "value": "\"true\""
            }]
        }]
    }
}