{
    "p2kwiet180672937088_btnTestPage_onClick_seq0": {
        "id": "p2kwiet180672937088_btnTestPage_onClick_seq0",
        "type": "ACTION_SEQUENCE",
        "params": [{
            "name": "eventobject",
            "value": "eventobject"
        }],
        "language": "js",
        "actions": [{
            "id": "navigation_onClick_777351806729370779",
            "type": "NAVIGATE_TO_FORM",
            "formId": "frmHTTPTestPage",
            "formKUID": "p2kwiet180672937060",
            "mappings": {},
            "mappingsOrder": [],
            "parentId": "",
            "enableMappingEditor": true
        }]
    }
}