{
    "p2kwiet180672937060_button213792175820871_onClick_seq0": {
        "id": "p2kwiet180672937060_button213792175820871_onClick_seq0",
        "type": "ACTION_SEQUENCE",
        "params": [{
            "name": "eventobject",
            "value": "eventobject"
        }],
        "language": "js",
        "actions": [{
            "id": "navigation_onClick_1543318067293703375",
            "type": "NAVIGATE_TO_FORM",
            "formId": "frmHttp",
            "formKUID": "p2kwiet180672937032",
            "mappings": {},
            "mappingsOrder": [],
            "parentId": "",
            "enableMappingEditor": true
        }]
    }
}