{
    "p2kwiet180672937088_btnRm_onClick_seq0": {
        "id": "p2kwiet180672937088_btnRm_onClick_seq0",
        "type": "ACTION_SEQUENCE",
        "params": [{
            "name": "eventobject",
            "value": "eventobject"
        }],
        "language": "js",
        "actions": [{
            "id": "customcode_onClick_5122818067293702766",
            "type": "INVOKE_FUNCTION",
            "sequenceKUID": "removeIntegrityCheck",
            "display": "removeIntegrityCheck"
        }]
    }
}