{
    "p2kwiet180672937032_btnDisplayKeys_onClick_seq0": {
        "id": "p2kwiet180672937032_btnDisplayKeys_onClick_seq0",
        "type": "ACTION_SEQUENCE",
        "params": [{
            "name": "eventobject",
            "value": "eventobject"
        }],
        "language": "js",
        "actions": [{
            "id": "customcode_onClick_2236818067293709034",
            "type": "INVOKE_FUNCTION",
            "sequenceKUID": "displayKeyValsList",
            "display": "displayKeyValsList"
        }]
    }
}