{
    "p2kwiet180672937055_btnJsonTable_onClick_seq0": {
        "id": "p2kwiet180672937055_btnJsonTable_onClick_seq0",
        "type": "ACTION_SEQUENCE",
        "params": [{
            "name": "eventobject",
            "value": "eventobject"
        }],
        "language": "js",
        "actions": [{
            "id": "customcode_onClick_2512318067293708539",
            "type": "INVOKE_FUNCTION",
            "sequenceKUID": "setfrmHttpPostParamsContentType",
            "display": "setfrmHttpPostParamsContentType",
            "inputparams": [{
                "name": "type",
                "value": "\"jsontable\""
            }]
        }]
    }
}