{
    "p2kwiet180672937060_button213792175820872_onClick_seq0": {
        "id": "p2kwiet180672937060_button213792175820872_onClick_seq0",
        "type": "ACTION_SEQUENCE",
        "params": [{
            "name": "eventobject",
            "value": "eventobject"
        }],
        "language": "js",
        "actions": [{
            "id": "navigation_onClick_5077818067293702685",
            "type": "NAVIGATE_TO_FORM",
            "formId": "frmHttpPostParams",
            "formKUID": "p2kwiet180672937055",
            "mappings": {},
            "mappingsOrder": [],
            "parentId": "",
            "enableMappingEditor": true
        }]
    }
}