{
    "p2kwiet180672937055_btnIntegSetting_onClick_seq0": {
        "id": "p2kwiet180672937055_btnIntegSetting_onClick_seq0",
        "type": "ACTION_SEQUENCE",
        "params": [{
            "name": "eventobject",
            "value": "eventobject"
        }],
        "language": "js",
        "actions": [{
            "id": "navigation_onClick_1830718067293709922",
            "type": "NAVIGATE_TO_FORM",
            "formId": "frmInteg",
            "formKUID": "p2kwiet180672937088",
            "mappings": {},
            "mappingsOrder": [],
            "parentId": "",
            "enableMappingEditor": true
        }]
    }
}