{
    "p2kwiet180672937032_frmHttp_preshow_seq0": {
        "id": "p2kwiet180672937032_frmHttp_preshow_seq0",
        "type": "ACTION_SEQUENCE",
        "params": [{
            "name": "eventobject",
            "value": "eventobject"
        }, {
            "name": "neworientation",
            "value": "neworientation"
        }],
        "language": "js",
        "actions": [{
            "id": "customcode_preshow_4312018067293705499",
            "type": "INVOKE_FUNCTION",
            "sequenceKUID": "frmHttpPreShow",
            "display": "frmHttpPreShow"
        }]
    }
}