{
    "p2kwiet180672937088_btnValF_onClick_seq0": {
        "id": "p2kwiet180672937088_btnValF_onClick_seq0",
        "type": "ACTION_SEQUENCE",
        "params": [{
            "name": "eventobject",
            "value": "eventobject"
        }],
        "language": "js",
        "actions": [{
            "id": "customcode_onClick_580051806729370752",
            "type": "INVOKE_FUNCTION",
            "sequenceKUID": "setvalidateRespFalse",
            "display": "setvalidateRespFalse"
        }]
    }
}