{
    "p2kwiet180672937032_btnnojson_onClick_seq0": {
        "id": "p2kwiet180672937032_btnnojson_onClick_seq0",
        "type": "ACTION_SEQUENCE",
        "params": [{
            "name": "eventobject",
            "value": "eventobject"
        }],
        "language": "js",
        "actions": [{
            "id": "customcode_onClick_146591806729370658",
            "type": "INVOKE_FUNCTION",
            "sequenceKUID": "restContentType",
            "display": "restContentType"
        }]
    }
}