{
    "p2kwiet180672937055_btnGetSettings_onClick_seq0": {
        "id": "p2kwiet180672937055_btnGetSettings_onClick_seq0",
        "type": "ACTION_SEQUENCE",
        "params": [{
            "name": "eventobject",
            "value": "eventobject"
        }],
        "language": "js",
        "actions": [{
            "id": "customcode_onClick_5418067293706099",
            "type": "INVOKE_FUNCTION",
            "sequenceKUID": "getCurrentIntegritySettingsPost",
            "display": "getCurrentIntegritySettingsPost"
        }]
    }
}