<?xml version="1.0" encoding="UTF-8" standalone="yes"?>
<application id="HTTPIntegTest" name="HTTPIntegTest">
    <container isflex="false" displayname="Form" id="frmHTTPTestPage" type="form"/>
    <container isflex="false" displayname="Form" id="frmInteg" type="form">
        <component displayname="TextBox2" id="tbDomain" type="textbox2"/>
        <component displayname="TextBox2" id="tbAlgo" type="textbox2"/>
        <component displayname="TextBox2" id="tbSalt" type="textbox2"/>
        <component displayname="TextBox2" id="tbHdr" type="textbox2"/>
    </container>
    <container isflex="false" displayname="Form" id="frmHttpPostParams" type="form">
        <component displayname="TextBox2" id="tb1" type="textbox2"/>
    </container>
    <container isflex="false" displayname="Form" id="frmHttp" type="form">
        <component displayname="TextBox2" id="tb1" type="textbox2"/>
        <component displayname="TextBox2" id="tbKey" type="textbox2"/>
        <component displayname="TextBox2" id="tbValue" type="textbox2"/>
    </container>
    <globalsequences/>
    <skins/>
</application>
