<?xml version="1.0" encoding="UTF-8" standalone="yes"?>
<plugins>
    <pluginInfo version-no="7.1.1.QA_v201607212120_r1" plugin-id="com.pat.tool.keditor.KEditorPlugin" plugin-name="Kony Studio"/>
    <pluginInfo version-no="7.1.0.QA_v201606221700_r1" plugin-name="Third Party Jars Plug-in"/>
    <pluginInfo version-no="7.1.0.QA_v201606221700_r1" plugin-id="com.pat.soapui.SoapUIPlugin" plugin-name="Soap UI Plugin"/>
    <pluginInfo version-no="7.1.0.StudioVizQA_v201606291210_r3" plugin-name="Kony Codegenerator"/>
    <pluginInfo version-no="7.1.0.GA_v201607131937" plugin-id="com.kony.nativecodegen.NativeCodeGenPlugin" plugin-name="Nativecodegen"/>
    <pluginInfo version-no="7.1.0.QA_v201606221700_r1" plugin-name="Kony Studio Licensing"/>
    <pluginInfo version-no="7.1.0.GA_v201607121906_r0" plugin-id="com.kony.cloudmiddleware.Activator" plugin-name="CloudMiddlewarePlugin"/>
    <pluginInfo version-no="7.1.0.GA_v201607121906_r0" plugin-id="com.kony.cloudthirdparty.Activator" plugin-name="CloudThirdPartyPlugin"/>
    <pluginInfo version-no="7.1.1.QA_v201607212128_r1" plugin-id="com.viz.ide.VisualiserIDEPlugin" plugin-name="Visualizer Integration Plugin"/>
    <pluginInfo version-no="7.1.0.GA_v201607132143" plugin-id="com.kony.studio.cloud.StudioCloudPlugin" plugin-name="Kony Studio Cloud Integration"/>
    <pluginInfo version-no="7.1.0.GA_v201607132328" plugin-id="com.kony.studio.sky.SkyPlugin" plugin-name="Sky Data Explorer"/>
    <pluginInfo version-no="7.1.0.QA_v201607122159_r3" plugin-name="Kony Functional Preview Plugin"/>
    <pluginInfo version-no="7.1.1.QA_v201607211923_r1" plugin-id="com.kony.studio.viz.api.Activator" plugin-name="StudioViz API"/>
    <pluginInfo version-no="7.1.1.QA_v201607211923_r1" plugin-id="com.kony.studio.viz.chrome.api.Activator" plugin-name="StudioViz Chrome API"/>
    <pluginInfo version-no="7.1.1.QA_v201607211923_r1" plugin-id="com.kony.studio.viz.chrome.Activator" plugin-name="StudioViz Chrome"/>
    <pluginInfo version-no="7.1.1.QA_v201607211923_r1" plugin-id="com.kony.studio.viz.core.win64.Activator" plugin-name="StudioViz Core"/>
    <pluginInfo version-no="7.1.1.QA_v201607211923_r1" plugin-id="com.kony.studio.viz.nodejs.NodeJSPlugin" plugin-name="StudioViz NodeJS"/>
    <pluginInfo version-no="7.1.0.GA_v201607132350" plugin-id="com.kony.reference.architecture.RAPluginActivator" plugin-name="Reference Architecture"/>
    <pluginInfo version-no="7.1.1.QA_v201607192148_r1" plugin-id="com.pat.android.Activator" plugin-name="Tablet Android"/>
    <pluginInfo version-no="7.1.0.GA_v201607132150" plugin-id="com.kony.bb10.BB10Plugin" plugin-name="Kony Blackberry 10"/>
    <pluginInfo version-no="7.1.1.QA_v201607200805_r1" plugin-id="com.kony.windows.WindowsPhone8Plugin" plugin-name="Windows Phone 8 Plug-in"/>
    <pluginInfo version-no="7.1.1.QA_v201607200902_r1" plugin-id="com.kony.windows.Windows8Plugin" plugin-name="Windows 8.1 Plug-in"/>
    <pluginInfo version-no="7.1.1.QA_v201607200923_r2" plugin-id="com.kony.windows.Windows10Plugin" plugin-name="Windows 10 Plug-in"/>
    <pluginInfo version-no="7.1.1.QA_v201607192148_r1" plugin-id="com.pat.android.Activator" plugin-name="Android"/>
    <pluginInfo version-no="7.1.1.QA_v201607200743_r1" plugin-id="com.kony.windows.WinDesktopPlugin" plugin-name="Windows Desktop Plug-in"/>
    <pluginInfo version-no="7.1.0.QA_v201607071414_r4" plugin-name="SPA"/>
    <pluginInfo version-no="7.1.0.QA_v201607071508_r3" plugin-name="Kony Desktop Web"/>
    <pluginInfo version-no="7.1.1.QA_v201607211646_r2" plugin-id="com.kony.web.Activator" plugin-name="Kony Web Commons"/>
    <pluginInfo version-no="7.1.1.QA_v201607220046_r4" plugin-id="iosplugin.Activator" plugin-name="iOS Plugin"/>
    <pluginInfo version-no="7.1.0.GA_v201607132335" plugin-id="com.kony.mobile.fabric.client.sdk.MBaasSDKPlugin" plugin-name="MobileFabric Client SDK"/>
</plugins>
