{"enableIdForAutomation":false,"createdVizVersion":"7.0.1","wap_android_fontsize":"10","watchos_longlooknotificationicon_42":"","wap_android240_fontsize":"10","supportedorientations":["portrait"],"mwaddrkey":"192.168.70.2","watchos_notificationcentericon_38":"","iphoneipadglossyeffectkey":"false","enableCordova":false,"createdgaversion":"6.5.0","wap_android640_fontsize":"19","winmobileguidkey":"","ide_appEvents":{},"isDpScaleFactor":true,"desktopwebbasefontsize":"16","watchos_shortlooknotificationicon_42":"","wap_spaandroidtab_fontsize":"17","apppackagekey":"com.orgname.HTTPIntegTest","startupformkey":"frmInteg","referenceWidth":"375","wap_bb440_fontsize":"12","wap_spaandroidtabldpi_fontsize":"17","isA11yConfigEnabled":false,"wap_android480_fontsize":"16","winmangotiletitlekey":"HTTPIntegTest","extendTop":"false","desktopwebwidthval":"100","desktopwebwidthoption":"Percentage","wap_spawindowstab_fontsize":"12","wap_winphone320_fontsize":"12","defaulttheme":"defaultTheme","iphonebundleidentifierkey":"com.kony.HTTPIntegTest","ipadlandscapemodekey":"portrait","watchos_longlooknotificationicon_38":"","spaandroidtabbasefontsize":"17","watchos_notificationcentericon_42":"","enableactionbar":false,"appmenu":{"tablet":{"data":[]},"wType":"Appmenu","desktop":{"data":[]},"mobile":{"data":[]}},"wap_android360_fontsize":"13","desktopwebaligenmentoption":"left","pasteboardType":"2","spaipadbasefontsize":"17","appversionkey":"1.0.0","mwportkey":"80","wap_bb400_fontsize":"12","isNewAppWithRespectToAndroidPackageName":"true","extendBottom":"false","wap_spaandroidtabxhdpi_fontsize":"18","build":"debug","wap_android320_fontsize":"12","statusBarHidden":"false","wap_winphone480_fontsize":"12","export.type":"studioviz","wap_bb240_fontsize":"12","wap_bb480_fontsize":"12","wap_bb320_fontsize":"12","wap_spaandroidtabmdpi_fontsize":"14","statusBarStyle":"STATUS_BAR_STYLE_DEFAULT","project_version":"sprint24","wap_android400_fontsize":"14","wap_ip_fontsize":"12","@class":"com.kony.gen.appprops.KVizAppProps","watchos_shortlooknotificationicon_38":"","appidkey":"HTTPIntegTest","currentgaversion":"7.1.1","mwhttpsportkey":"443","vendornamekey":"KonyLabs","konyVizVersion":"7.1.1","iphonebundleversionkey":"1.0","appnamekey":"HTTPIntegTest","wap_spaipad_fontsize":"17","wap_android440_fontsize":"15","wap_spaandroidtabhdpi_fontsize":"16","nativeContainerProperties":{"isModified":false,"isEnableJSContaineriOS":false,"isEnableJSContainerAndroid":false,"isEnableJSContainer":false},"wap_bb360_fontsize":"12"}