{
    "DNDConfig": null,
    "_enabled_": false,
    "_margin_": [
        0,
        0,
        0,
        0
    ],
    "_padding_": [
        0,
        3,
        0,
        3
    ],
    "_skin_": "sbfa108a36794672829a117cf49c21e0",
    "_text_": "HTTP Req Async",
    "android": {
        "@class": "com.kony.gen.viz.model.component.property.button.AndroidButtonProperty",
        "displayText": true,
        "render": true
    },
    "canUpdateUI": true,
    "containerweight": 25,
    "contentalignment": 5,
    "displaytext": true,
    "focusskin": "s70449bf825c43529f0c77139a7b5db3",
    "hexpand": true,
    "id": "btnHttpAsync",
    "ide_onClick": "p2kwiet180672937032_btnHttpAsync_onClick_seq0",
    "info": null,
    "iphone": {
        "@class": "com.kony.gen.viz.model.component.property.button.IPhoneButtonProperty",
        "_margin_": [
            1,
            1,
            1,
            1
        ],
        "displayText": true,
        "margin": [
            1,
            1,
            1,
            1
        ],
        "marginInPixel": true,
        "psp": {
            "glowEffect": false
        },
        "render": true
    },
    "isvisible": true,
    "kuid": "p2kwiet18067293709",
    "margininpixel": false,
    "name": "kony.ui.Button",
    "paddinginpixel": false,
    "parent": "hbox213791704755708",
    "pf": "frmHttp",
    "spa": {
        "@class": "com.kony.gen.viz.model.component.property.button.SPAButtonProperty",
        "displayText": true
    },
    "spaan": {
        "@class": "com.kony.gen.viz.model.component.property.button.SPAAndroidButtonProperty",
        "render": true
    },
    "spabb": {
        "@class": "com.kony.gen.viz.model.component.property.button.SPABBButtonProperty",
        "render": true
    },
    "spaip": {
        "@class": "com.kony.gen.viz.model.component.property.button.SPAIPhoneButtonProperty",
        "render": true
    },
    "spawinphone8": {
        "@class": "com.kony.gen.viz.model.component.property.button.SPAWinPhone8ButtonProperty",
        "render": true
    },
    "vexpand": false,
    "wType": "Button",
    "widgetalignment": 5,
    "winphone8": {
        "@class": "com.kony.gen.viz.model.component.property.button.WinPhone8ButtonProperty",
        "_margin_": [
            1,
            1,
            1,
            1
        ],
        "displayText": true,
        "margin": [
            1,
            1,
            1,
            1
        ],
        "marginInPixel": true,
        "psp": {
            "enableCache": false
        },
        "render": true
    }
}